name,_uid
"""jasonlee""",f6a1eac8-2570-4986-9ebb-99259209d397
"""emilyjones""",80debead-9023-4498-8dd7-788ffb75c2d5
"""amycarter""",c381ae20-b5bd-4831-939d-45b7c77fc9da
"""lisawhite""",b43aa7d7-1fe8-4cf9-8706-72e9157c4ce9
"""annawalker""",af09c1b9-90a7-4805-8db5-9c6d2848aa25
"""mikedavis""",14182a01-dd6b-41e5-98d2-4a91e8d2be42
"""kevinwilson""",39a0ff13-aaaa-432d-b817-835e4b095099
"""rebeccajones""",b540d591-dee9-4e9d-b109-8792918c4ed6
"""rebeccajones""",1ff82833-cbdd-45fe-9fca-286371bad386
"""amycarter""",47564ef9-522b-4375-aae2-c5a4418e703c
"""jasonlee""",8f8d465d-a219-4bea-89ae-63391e10e1a3
"""sarahsmith""",52563f2c-baa5-43c1-8b14-229788eb2e48
"""markroberts""",9ab0500d-cf77-4c8c-aede-72cbd44927e6
"""jasonlee""",a4608945-b906-4760-a107-79761c11ab11
"""emilyjones""",e49968b7-ba64-4b45-8b80-c9829c3c02d7
"""emilyjones""",4da2e36c-e98e-4a41-bee6-8151de3a631e
"""markroberts""",63a086df-34fe-46d1-be14-34075588b585
"""jenniferlopez""",cd1d0f53-c783-4fa3-bdc2-9a25e900e565
"""jenniferlopez""",aea31a49-477d-4b9d-8590-dda9bc509d60
"""ryansmith""",e7732ad0-bcf2-4474-ae1f-7683a6fa978c
"""jasonlee""",f2eb7101-4385-4e65-92c7-cb49626d1021
"""chrisbrown""",c18a12bb-4fbe-49e6-adf7-fcb4db105e47
"""lisawhite""",2fbc030d-40b4-414c-a28c-3645148c7bdc
"""lisawhite""",2926eacc-a437-4642-aa99-2f6378062c43
"""markroberts""",1fcd1899-eb70-4f9f-9fc7-e7cc4db8beb9
"""mikedavis""",98309fcb-28df-475d-bbd4-6ef48489e6bd
"""johndoe""",5401a150-a2f9-4c72-a954-0a4f585dedf2
"""chrisbrown""",40e09a35-2564-4b1d-a943-bc6150ecae94
"""sandrabrown""",89fc3087-d1e9-4bae-9888-d8b48d60a718
"""davidtaylor""",7613a40a-bbd3-490d-8d46-a4239ae57da1
"""ryansmith""",ef9da3b0-a4e4-451f-ae3f-077605e7ad38
"""sandrabrown""",7d6b19b4-cf6c-4662-94e4-b16bd35fc376
"""rebeccajones""",cad9da73-ded5-4e9c-9d06-22d263091445
"""sandrabrown""",40eeb364-7105-4081-83a8-76f10fe2c0da
"""rebeccajones""",35c86dbc-3df7-47bb-a0a7-96f48e3f151e
"""amycarter""",a0fb69bb-f82c-4bbc-82ec-e01b55d4126e
"""sarahsmith""",08d92371-b6da-4cc8-989c-036726adccc6
"""lauradavis""",8e8efb1c-e499-4434-9140-6c78737b7941
"""davidtaylor""",5df8dbdf-c5e7-4a7c-b1dd-bfe3d4229695
"""mikedavis""",27898071-6ca3-4d08-9c15-eaaa1af2eb24
"""emilyjones""",dadbb510-9bdf-4cf0-ba8a-620fac35025a
"""annawalker""",ee5c0cd7-f351-4c22-8d0c-092a00aae6e9
"""matthewjohnson""",39efad95-25ea-4b13-bc80-eede3ac0d3b2
"""johndoe""",c3f9befd-195e-4780-bc4b-28800f04c74a
"""markroberts""",4ad840f2-a9c1-4137-9d6a-cafb019f30a6
"""sandrabrown""",c4b8a52b-3535-4ce3-adae-741274826c8f
"""davidtaylor""",26cebaa2-c3f4-48bc-87c2-157745f8eef5
"""lisawhite""",815436e7-a976-4c1e-a20b-b06a05c40341
"""kevinwilson""",7dfd475a-5501-4965-ab5c-5ee79a60cf2b
"""kevinwilson""",43e3520d-8453-48f4-8eb5-df5929c69ebe
"""lisawhite""",3a7c49db-3ff5-48ca-a982-0b3827a751d7
"""jasonlee""",c66e0e98-f5dd-4b5c-8441-28e2355070fc
"""alexwilson""",d543b279-d2ba-4da8-9c9a-4190b704ee1f
"""mikedavis""",01ea6271-c9b1-447c-8d70-de938efa6dd8
"""lisawhite""",c9b3cdf1-bcec-474b-a058-101ec2eeb2f1
"""chrisbrown""",f5b1ceee-5ce5-41d3-9668-601ad4cdc37a
"""markroberts""",397b2afb-ae5d-450e-b658-3751bacd1486
"""rebeccajones""",9edf8769-4fed-4285-961f-1917b7b48f7a
"""johndoe""",3145bfe8-c0c0-480d-b863-61768d1ceba7
"""davidtaylor""",ddd1e076-fe53-4a0f-a8b5-f6a02cb35369
"""kevinwilson""",ef11a4ec-1316-46eb-aff9-9dbcb970435e
"""lisawhite""",2adced9b-b8ff-4260-b403-40f72301ad27
"""emilyjones""",7b1aa4e9-10f9-47bd-8a39-3b5937fda575
"""sandrabrown""",ccefafd5-0813-45cf-903d-fb1541b372fb
"""sandrabrown""",f4674261-35f7-407c-8cba-32beb934b886
"""amycarter""",f74c2208-ef19-4292-99eb-35116836477d
"""markroberts""",910e3a92-3c0d-4c12-b911-3c5f6d8b011a
"""alexwilson""",b79e0276-86b5-492f-b0df-5acc35136fff
"""kevinwilson""",8f94e660-3a13-4c20-80ee-015d3eec2062
"""emilyjones""",b0ada1fb-8277-4958-b237-cc81fc89078c
"""emilyjones""",481ea86c-15be-4297-b57f-5ec3009ce537
"""emilyjones""",846befc7-c50a-4b53-8003-cd1c48385041
"""jenniferlopez""",12bdba86-e669-4796-a096-cd064969a335
"""ryansmith""",2446b801-ccd3-4a2d-81ab-120716a101bd
"""johndoe""",a0d9dac2-b196-47e3-9986-e3344c3ae0e1
"""amycarter""",925c3f6a-c905-4180-aff5-53210ad2a966
"""davidtaylor""",e657e7b7-0fd1-4d17-a044-9fecfb872c32
"""sandrabrown""",0947c745-6412-49d3-9e5e-c4be933ac6b9
"""jenniferlopez""",95a06438-e2a0-4447-af8b-52aa1ef2033a
"""jasonlee""",76897621-0357-4bdd-98d7-2162b0d4e417
"""ryansmith""",b9d11109-9767-4456-a685-0c77b0672f06
"""rebeccajones""",59b0adfa-11b0-4d18-a624-7ef20d40a4b5
